crim,zn,indus,chas,nox,rm,age,dis,rad,tax,ptratio,black,lstat
-0.45618844704467465,0.32242062238118757,-1.283698978907065,-0.2524002345529099,-0.16653669722723982,0.439492419715148,-0.10757435976509662,0.19184389686949369,-0.9875842425858252,-0.663064626559388,-1.4629690694945372,0.4323392177459247,-1.0661671102777248
-0.4533335471625738,-0.47141351627267913,-0.6035166030133609,-0.2524002345529099,-0.7667741391394112,0.2207273720773938,0.379392287073909,0.6345725801595906,-0.8731962242271888,-0.9791461735290852,-0.3011625729246398,0.4323392177459247,-0.47758066205490274
-0.45264532451352996,-0.47141351627267913,-1.3022753883327336,-0.2524002345529099,-0.8624641661109169,1.0403860245902772,-0.7971475676977031,1.187339859912167,-0.7588082058685524,-1.0962134131474917,0.11708776584052254,0.40612207440969705,-1.3548008493100705
-0.4476563903698682,-0.47141351627267913,-1.3022753883327336,-0.2524002345529099,-0.8624641661109169,1.2520483109410927,-0.49856947766502807,1.187339859912167,-0.7588082058685524,-1.0962134131474917,0.11708776584052254,0.4323392177459247,-1.0166466158359009
-0.4450395121549267,0.07986019112583943,-0.48920023731694,-0.2524002345529099,-0.2883240042818825,-0.3602785011943041,-0.057811344759651107,0.9340996587872766,-0.5300321691512795,-0.5752641968455833,-1.5094413293573337,0.41732499468993567,-0.012088014301757502
-0.42646022087836744,0.07986019112583943,-0.48920023731694,-0.2524002345529099,-0.2883240042818825,0.1582230727523217,0.9267854521338127,1.3309452759377431,-0.5300321691512795,-0.5752641968455833,-1.5094413293573337,0.38175283544959077,1.1226387440508947
-0.4410706708705197,0.07986019112583943,-0.48920023731694,-0.2524002345529099,-0.2883240042818825,-0.36454015796646955,0.5215723299466113,1.2703735714629834,-0.5300321691512795,-0.5752641968455833,-1.5094413293573337,0.4323392177459247,0.10676117235862002
-0.44429280418195227,0.07986019112583943,-0.48920023731694,-0.2524002345529099,-0.2883240042818825,-0.5350064288530315,-1.0388536405812971,0.8787775020336628,-0.5300321691512795,-0.5752641968455833,-1.5094413293573337,0.3584230427010534,0.4519897621816216
-0.3713928880881729,-0.47141351627267913,-0.45061846389439786,-0.2524002345529099,-0.16653669722723982,-0.4497732934097499,-0.2284273962068938,0.5035357928125271,-0.6444201875099159,-0.5986776447692645,1.1859497426848284,0.4323392177459247,-0.602089333794346
-0.3702775865620544,-0.47141351627267913,-0.45061846389439786,-0.2524002345529099,-0.16653669722723982,-0.24095211157371135,0.578444347095692,0.37956570432085274,-0.6444201875099159,-0.5986776447692645,1.1859497426848284,0.23738530606507594,-0.31911507984106613
-0.3717152374316974,-0.47141351627267913,-0.45061846389439786,-0.2524002345529099,-0.16653669722723982,-0.6131368030093719,-0.4168159530132243,0.3980905506060499,-0.6444201875099159,-0.5986776447692645,1.1859497426848284,0.4175559827369507,-0.5723770371292515
-0.31370051634016294,-0.47141351627267913,-0.45061846389439786,-0.2524002345529099,-0.16653669722723982,-0.46966102501318246,-1.3836402445476004,0.3980905506060499,-0.6444201875099159,-0.5986776447692645,1.1859497426848284,0.3162677241207753,-0.8397877071151011
-0.34786954675375903,-0.47141351627267913,-0.45061846389439786,-0.2524002345529099,-0.16653669722723982,-1.1501055563020406,-1.1241616663049183,0.043695603008310976,-0.6444201875099159,-0.5986776447692645,1.1859497426848284,-0.8139567899247145,-0.11678848826447108
-0.286789106589211,-0.47141351627267913,-0.45061846389439786,-0.2524002345529099,-0.16653669722723982,-0.988162598959807,1.0618564928628798,0.04440227289384976,-0.6444201875099159,-0.5986776447692645,1.1859497426848284,0.19753986795495,1.2032864064275794
-0.3411600559874876,-0.47141351627267913,-0.45061846389439786,-0.2524002345529099,-0.16653669722723982,-0.42704445729154167,0.7455058974711174,0.1526237182220868,-0.6444201875099159,-0.5986776447692645,1.1859497426848284,0.3818683294730983,0.18599396346553845
-0.28941686579465115,-0.47141351627267913,-0.45061846389439786,-0.2524002345529099,-0.16653669722723982,-0.17560670773386228,0.8343684242665563,0.13475506540203291,-0.6444201875099159,-0.5986776447692645,1.1859497426848284,0.4323392177459247,0.8778660143813075
-0.3226093273109875,-0.47141351627267913,-0.45061846389439786,-0.2524002345529099,-0.16653669722723982,-0.6429684004145202,1.1293920132274136,0.19446867073006674,-0.6444201875099159,-0.5986776447692645,1.1859497426848284,0.4050826281981288,1.04199108167421
-0.32705149168208864,-0.47141351627267913,-0.45061846389439786,-0.2524002345529099,-0.16653669722723982,-0.3105591721857234,0.731287893183847,0.3752752085872241,-0.6444201875099159,-0.5986776447692645,1.1859497426848284,-0.6131126830449777,0.6741245515349463
-0.30324388447089584,-0.47141351627267913,-0.45061846389439786,-0.2524002345529099,-0.16653669722723982,-0.7850236261533224,0.9196764499901775,0.26402517803524916,-0.6444201875099159,-0.5986776447692645,1.1859497426848284,0.008129669402466785,1.4268360670506708
-0.27278935218879924,-0.47141351627267913,-0.45061846389439786,-0.2524002345529099,-0.16653669722723982,-0.27504536575102373,1.1293920132274136,0.23474885420578168,-0.6444201875099159,-0.5986776447692645,1.1859497426848284,0.19938777233107205,0.07421913315399278
-0.23768455659231338,-0.47141351627267913,-0.45061846389439786,-0.2524002345529099,-0.16653669722723982,-0.24095211157371135,1.0192024800010695,0.02517075672311359,-0.6444201875099159,-0.5986776447692645,1.1859497426848284,-1.2837864775536796,1.1070751600834643
-0.4332390779590681,-0.47141351627267913,-0.7621305604171449,-0.2524002345529099,-0.5058013383080319,-0.42562390503415315,-1.3516497349012422,0.06933762456929261,-0.5300321691512795,-0.7625717802350335,0.34944906515450197,0.39226279158878374,-0.3375084063480292
-0.45329002320057893,2.836228728118432,-1.1922458863499286,-0.2524002345529099,-1.1234369669422957,0.4679034648629077,-1.6502278249339173,0.8536402446766373,-0.7588082058685524,-0.920612553719882,-0.06880127361066038,0.41767147676045824,-1.1595486140823072
-0.4524793894084245,2.836228728118432,-1.1922458863499286,-0.2524002345529099,-1.1234369669422957,1.0773203832823666,-1.8634978892429708,0.8536402446766373,-0.7588082058685524,-0.920612553719882,-0.06880127361066038,0.4175559827369507,-1.4906284912076446
-0.4378022933494676,-0.47141351627267913,-0.626379876152645,-0.2524002345529099,-0.9494550997213766,-0.13725179678438695,-2.190511987850186,1.015063837101872,-0.7588082058685524,-1.0318264313573682,-0.2546903130618449,0.27607580394012615,-0.9487327948871139
-0.435373112220629,-0.47141351627267913,-0.626379876152645,-0.2524002345529099,-0.9494550997213766,-0.07758860197408932,-2.1940664889220036,1.015063837101872,-0.7588082058685524,-1.0318264313573682,-0.2546903130618449,0.40415867601006744,-0.7181087779151907
-0.4403606862404784,-0.47141351627267913,-0.626379876152645,-0.2524002345529099,-0.9494550997213766,-0.27930702252318795,-1.0033086298631215,1.015063837101872,-0.7588082058685524,-1.0318264313573682,-0.2546903130618449,0.3456032060917083,-0.41957093999448036
-0.4337328029029474,-0.47141351627267913,-0.626379876152645,-0.2524002345529099,-0.9494550997213766,-0.8290607461323491,-1.22368769631581,0.7018576485469691,-0.7588082058685524,-1.0318264313573682,-0.2546903130618449,0.4323392177459247,-0.326189436189898
-0.4314287531648441,-0.47141351627267913,-0.626379876152645,-0.2524002345529099,-0.9494550997213766,-0.6813233113639955,-1.241460201674898,0.7018576485469691,-0.7588082058685524,-1.0318264313573682,-0.2546903130618449,0.4323392177459247,0.23126984409806328
-0.42586448664856263,-0.47141351627267913,-0.626379876152645,-0.2524002345529099,-0.9494550997213766,-0.33470856056132015,0.6139893578138677,0.9991637646772474,-0.7588082058685524,-1.0318264313573682,-0.2546903130618449,0.38429370396675855,0.8891849845394391
-0.4271566042702853,-0.47141351627267913,-0.626379876152645,-0.2524002345529099,-0.9494550997213766,-0.9427049267233905,-0.2213183940632586,1.2002113471130536,-0.7588082058685524,-1.0318264313573682,-0.2546903130618449,0.4323392177459247,0.521318454400175
-0.4449796667071838,0.45472631215683207,-0.8078571066957132,-0.2524002345529099,-1.02774693997079,-0.42988556180631865,-0.8007020687695205,1.5671749233893053,-0.6444201875099159,-0.9732928115481649,-0.7658851715525987,0.416863018595905,0.13222885521441516
-0.4511491883199564,0.45472631215683207,-0.8078571066957132,-0.2524002345529099,-1.02774693997079,-0.21396161868333888,-0.185773383345083,1.5671749233893053,-0.6444201875099159,-0.9732928115481649,-0.7658851715525987,0.39849946885819504,-0.4365493952316773
-0.45027326858480965,0.45472631215683207,-0.8078571066957132,-0.2524002345529099,-1.02774693997079,-0.3801662327977379,-1.6644458292211874,1.5671749233893053,-0.6444201875099159,-0.9732928115481649,-0.7658851715525987,0.4323392177459247,-0.5780365222083172
-0.45519827690929143,2.836228728118432,-1.042205656373376,-0.2524002345529099,-1.2800206474411233,-0.5364269811104188,-0.733166548404987,1.8220808463872518,-0.7588082058685524,0.3495669961398271,1.232422002547625,0.4323392177459247,0.3232364766328793
-0.45526492297609605,3.4977571769966542,-1.4394550271684383,-0.2524002345529099,-1.3409143009684452,1.3969446411946695,-1.6466733238620996,2.517090678814722,-0.5300321691512795,-1.0727999652238103,-0.2546903130618449,0.4211362974656867,-1.0902199218637538
-0.4542529908597154,3.277247694037247,-1.508044846586291,-0.2524002345529099,-1.2800206474411233,0.1667463862966476,-1.1561521759512763,2.7649299029572796,-0.8731962242271888,-0.5635574728837426,-0.5335238722386193,0.4323392177459247,-0.9543922799661795
-0.4551003479948029,3.938776142915469,-1.4251654814563859,-0.2524002345529099,-1.2713215540800769,0.7818455137456591,-0.9855361245040337,2.3294193477837584,-0.5300321691512795,-0.8971991057962008,-1.5559135892201295,0.38614160834287997,-1.2118988510636641
-0.43604093301248775,0.631133898524358,-0.8807337898271815,-0.2524002345529099,-0.9059596329161468,-0.17134505096169933,-1.3871947456194176,2.0719896037660304,-0.1868681140753701,-0.7333049703304318,0.5818103644684814,0.3605019351241905,-0.8001713115616419
-0.436738676528218,0.631133898524358,-0.8807337898271815,-0.2524002345529099,-0.9059596329161468,-0.745248162946456,-0.07202934904692104,1.7744815819541697,-0.1868681140753701,-0.7333049703304318,0.5818103644684814,0.4116657875380626,0.08978271712142334
-0.43369335931238956,0.631133898524358,-0.8807337898271815,-0.2524002345529099,-0.9059596329161468,-0.42562390503415315,0.894794942487455,1.5690930273643393,-0.1868681140753701,-0.7333049703304318,0.5818103644684814,0.21497946550459926,0.2723011109212887
-0.439842479067977,0.631133898524358,-0.8807337898271815,-0.2524002345529099,-0.9059596329161468,0.7051356918467072,-0.8824555934213245,2.155830938043177,-0.1868681140753701,-0.7333049703304318,0.5818103644684814,0.41709400664292,-0.42664529634331244
-0.4543944437361987,0.30036967408524684,-1.4165917540291544,-0.2524002345529099,-1.2269561779387423,1.1909645638734079,-0.3101809208586976,2.7827480793569377,-0.7588082058685524,-1.1313335850330135,0.07061550597772763,0.39006840514213914,-0.6318016304594403
-0.4521733615506481,3.0567382110778394,-1.1322297943593074,-0.2524002345529099,-1.384409767773675,0.034635026359563496,-1.7924078678066195,1.4646068371453793,-0.6444201875099159,-0.42307678534165494,-1.0911909905921697,0.4323392177459247,-1.1100281196404833
-0.45109206311983807,3.0567382110778394,-1.1322297943593074,-0.2524002345529099,-1.384409767773675,-0.679902759106607,-1.3196592252548842,1.4646068371453793,-0.6444201875099159,-0.42307678534165494,-1.0911909905921697,0.4323392177459247,-0.3219448223805989
-0.4491742885444392,0.07986019112583943,-0.746412060133887,-0.2524002345529099,-1.2887197408021693,-0.5506325036842998,-1.6644458292211874,1.4073160999963352,-0.6444201875099159,-0.3762498894942924,0.210032285566114,0.4243701301238995,-0.6247272741106085
-0.438612927141622,0.07986019112583943,-0.746412060133887,-0.2524002345529099,-1.2887197408021693,-0.9540693447824958,-1.1170526641612835,1.4073160999963352,-0.6444201875099159,-0.3762498894942924,0.210032285566114,0.4323392177459247,0.08129348950282488
-0.4450435925263638,-0.47141351627267913,-0.06908759338259322,-0.2524002345529099,-1.2539233673579853,0.21504516304784235,-2.190511987850186,0.7961980782664073,-0.6444201875099159,-0.6103843687311051,0.34944906515450197,0.28023358878640037,-0.8199795093383715
-0.444583870677793,-0.47141351627267913,-0.06908759338259322,-0.2524002345529099,-1.2539233673579853,-0.28498923155273936,-2.1478579749883755,0.7961980782664073,-0.6444201875099159,-0.6103843687311051,0.34944906515450197,0.36315829766486574,-0.9897640617103395
-0.4304725861247693,-0.47141351627267913,-0.06908759338259322,-0.2524002345529099,-1.2539233673579853,-0.029289825222897078,-2.204729992137456,0.7961980782664073,-0.6444201875099159,-0.6103843687311051,0.34944906515450197,0.20446950936540695,-0.7039600652175267
-0.4463085076718396,-0.47141351627267913,0.2195612300008694,-0.2524002345529099,-1.0451451266928815,0.01048563798396675,-2.2118389942810914,0.27336331580844103,-0.5300321691512795,-0.0660217045055155,0.11708776584052254,0.409471401091418,-0.811490281719773
-0.44411054759109875,-0.47141351627267913,0.2195612300008694,-0.2524002345529099,-1.0451451266928815,0.028952817330012065,-0.8255835762722435,0.40010960742187546,-0.5300321691512795,-0.0660217045055155,0.11708776584052254,0.2744588876110198,-0.5058780874502309
-0.4432387082273891,-0.47141351627267913,0.2195612300008694,-0.2524002345529099,-1.0451451266928815,0.01900895152829516,0.22299423991393622,0.1727638099599445,-0.5300321691512795,-0.0660217045055155,0.11708776584052254,0.16393110711423528,-0.07717209271101175
-0.44520544726003214,-0.47141351627267913,0.2195612300008694,-0.2524002345529099,-1.0451451266928815,-0.17844781224863926,-0.7971475676977031,0.1920962789714717,-0.5300321691512795,-0.0660217045055155,0.11708776584052254,0.31753815837935856,-0.31770020857129977
-0.4514538560539204,0.631133898524358,-0.9193155632497235,-0.2524002345529099,-1.1408351536643877,0.6554163628381264,-1.2343511995312628,0.8534383389950548,-0.6444201875099159,-0.7508650562731928,0.25650454542891055,0.4323392177459247,-1.0223061009149665
-0.4509791728434139,0.631133898524358,-0.9193155632497235,-0.2524002345529099,-1.1408351536643877,0.5019967190402201,0.07725969596941652,0.8534383389950548,-0.6444201875099159,-0.7508650562731928,0.25650454542891055,0.41767147676045824,-0.7492359458500516
-0.4522182456364553,0.631133898524358,-0.9193155632497235,-0.2524002345529099,-1.1408351536643877,-0.1400929012991614,-0.7651570580513449,0.8534383389950548,-0.6444201875099159,-0.7508650562731928,0.25650454542891055,0.3600399590301598,-0.7082046790268259
-0.4501671789274471,-0.47141351627267913,-0.9721868823843182,-0.2524002345529099,-0.9407560063603302,0.175269699840976,-0.7189485441177168,0.5398283390769874,-0.7588082058685524,-0.9498793636244837,0.02414324611493108,0.4323392177459247,-0.4096668411061158
-0.44924773523030553,-0.47141351627267913,-0.9721868823843182,-0.2524002345529099,-0.9407560063603302,0.5176227938714885,-0.4310339573004945,0.3673504105851098,-0.7588082058685524,-0.9498793636244837,0.02414324611493108,0.37921196693242365,-0.846862063463933
-0.4499917229556553,-0.47141351627267913,-0.9721868823843182,-0.2524002345529099,-0.9407560063603302,-0.35601684442214115,-0.8220290752004259,0.36205038644356813,-0.7588082058685524,-0.9498793636244837,0.02414324611493108,0.4218292616067324,0.04875145029819763
-0.44732179991203264,-0.47141351627267913,-0.9721868823843182,-0.2524002345529099,-0.9407560063603302,-0.20543830513901049,-0.40615244979777176,0.01901263343484637,-0.7588082058685524,-0.9498793636244837,0.02414324611493108,0.41212776363209264,-0.5766216509385509
-0.449349744516231,-0.47141351627267913,-1.1265139760744864,-0.2524002345529099,-0.5927922719184917,1.0531709949067711,0.642425366388408,-0.1454900206345214,-0.8731962242271888,-0.8152520380633163,-0.3011625729246398,0.4323392177459247,-0.9925938042498722
-0.4498366688410486,-0.47141351627267913,-1.1265139760744864,-0.2524002345529099,-0.5927922719184917,1.155450757438707,-0.1822188822732654,-0.14912432290300703,-0.8731962242271888,-0.8152520380633163,-0.3011625729246398,0.4226377197712856,-0.9642963788545442
-0.4506772253570745,-0.47141351627267913,-1.1265139760744864,-0.2524002345529099,-0.5927922719184917,0.21504516304784235,-0.0755838501187389,-0.3117593494177365,-0.8731962242271888,-0.8152520380633163,-0.3011625729246398,0.37782603865033226,-0.5242714139571939
-0.4531376893335969,0.7634395883000025,0.5353601902372319,-0.2524002345529099,-0.810269605944641,-0.07758860197408932,-1.3978582488348705,-0.02222660202838559,-0.6444201875099159,-0.8152520380633163,-0.11527353347345692,0.4257560584059909,-0.8921379440964579
-0.4512076736438869,0.7634395883000025,0.5353601902372319,-0.2524002345529099,-0.810269605944641,-0.023607616193345643,0.32252026992482774,-0.047919100009762745,-0.6444201875099159,-0.8152520380633163,-0.11527353347345692,0.4323392177459247,-0.27242432793877497
-0.4414011809569182,-0.47141351627267913,-1.2008196137771598,-0.2524002345529099,-0.9755523798045141,-0.14577511032871537,0.048823687394875644,-0.1083898516437311,-0.8731962242271888,-0.7801318661777944,-0.20821805319904838,0.37378374782756557,-0.16630898270629502
-0.4368284446998324,-0.47141351627267913,-0.39060237190377695,-0.2524002345529099,-0.3231203777260664,0.6554163628381264,0.41493729779208455,-0.47050769156200206,-0.5300321691512795,-0.14796877223839996,1.1394774828220318,0.4076234967152959,-0.43796426650144366
-0.44149910987140667,-0.47141351627267913,-0.39060237190377695,-0.2524002345529099,-0.3231203777260664,0.7321261847370797,0.10925020561577424,-0.4309846543922214,-0.5300321691512795,-0.14796877223839996,1.1394774828220318,0.41709400664292,-0.6855667387105635
-0.425933852962992,-0.47141351627267913,-0.39060237190377695,-0.2524002345529099,-0.3231203777260664,0.19799853595918554,0.6104348567420503,-0.5023583128316464,-0.5300321691512795,-0.14796877223839996,1.1394774828220318,-3.3339208888372975,-0.26676484285970925
-0.4282664653011545,-0.47141351627267913,-0.39060237190377695,-0.2524002345529099,-0.3231203777260664,-0.1827094690208022,0.6815248781784015,-0.5023583128316464,-0.5300321691512795,-0.14796877223839996,1.1394774828220318,0.40427417003357563,0.1308139839446488
-0.4337627256268189,-0.47141351627267913,-0.39060237190377695,-0.2524002345529099,-0.3231203777260664,-0.610295698494595,0.8414774264101916,-0.7566080423644498,-0.5300321691512795,-0.14796877223839996,1.1394774828220318,0.4181334528544889,0.8693767867627094
-0.4392073012476144,-0.47141351627267913,-0.39060237190377695,-0.2524002345529099,-0.3231203777260664,-0.19691499159468207,0.603325854598415,-0.8013301508349806,-0.5300321691512795,-0.14796877223839996,1.1394774828220318,0.3259692220954144,0.22278061647946482
-0.43963574024850144,-0.47141351627267913,-0.39060237190377695,-0.2524002345529099,-0.3231203777260664,0.29601664171895853,1.0263114821447041,-0.6446008655065402,-0.5300321691512795,-0.14796877223839996,1.1394774828220318,0.4131672098436615,-0.03472595461801991
-0.4211911012293637,-0.47141351627267913,-0.39060237190377695,-0.2524002345529099,-0.3231203777260664,-0.05201866134110534,0.8165959189074686,-0.5879663218226399,-0.5300321691512795,-0.14796877223839996,1.1394774828220318,0.36685410641710925,0.42935182186535925
-0.44333255677044053,-0.47141351627267913,-0.1834039590790142,-0.2524002345529099,-0.08824485697782507,0.6383697357494696,0.47536381601298267,-0.5211355412188218,-0.415644150792643,0.13299260284577533,-0.3011625729246398,0.41720950066642754,-0.3332637925387301
-0.43769212332066804,-0.47141351627267913,-0.1834039590790142,-0.2524002345529099,-0.08824485697782507,-0.01650485490640572,0.5677808438802395,-0.7336412710844368,-0.415644150792643,0.13299260284577533,-0.3011625729246398,0.3380960945637138,-0.2922325257155046
-0.4391515361713085,-0.47141351627267913,-0.1834039590790142,-0.2524002345529099,-0.08824485697782507,-0.12730793098267004,0.15190421847758503,-0.4945849440907189,-0.415644150792643,0.13299260284577533,-0.3011625729246398,0.39076136928318483,-0.06726799382264716
-0.4365128959753696,-0.47141351627267913,-0.1834039590790142,-0.2524002345529099,-0.08824485697782507,-0.34749353087781276,0.5109088267311582,-0.4858525233622746,-0.415644150792643,0.13299260284577533,-0.3011625729246398,0.4047361461276056,-0.3134555947620004
-0.43928754855254243,-0.47141351627267913,-0.1834039590790142,-0.2524002345529099,-0.08824485697782507,-0.5591558172286257,0.1732312249084902,-0.6220883820100879,-0.415644150792643,0.13299260284577533,-0.3011625729246398,-0.2406444572329294,0.4038841390095638
-0.4373588929866448,-0.47141351627267913,-0.1834039590790142,-0.2524002345529099,-0.08824485697782507,-0.7594536855203372,-0.10757435976509662,-0.47989630575558984,-0.415644150792643,0.13299260284577533,-0.3011625729246398,0.3699724450518146,0.1548667955306776
-0.4476645511127422,-0.47141351627267913,2.051480990286014,-0.2524002345529099,0.20752431729773715,-0.5619969217434028,0.05237818846669351,-0.7330355540396892,-0.8731962242271888,-1.2952277204987825,0.3029768052917071,0.34283134952752553,0.2623970120329239
-0.4473027581786599,-0.47141351627267913,2.051480990286014,-0.2524002345529099,0.20752431729773715,-0.3716429192534095,0.5642263428084217,-0.7634728355382558,-0.8731962242271888,-1.2952277204987825,0.3029768052917071,0.21024421054078754,0.24824829933525996
-0.4444002539631271,-0.47141351627267913,2.051480990286014,-0.2524002345529099,0.20752431729773715,-0.4327266663210931,0.8770224371283671,-0.8192492800754303,-0.8731962242271888,-1.2952277204987825,0.3029768052917071,0.21509495952810678,0.7660911840697622
-0.43659450340410993,-0.47141351627267913,2.051480990286014,-0.2524002345529099,0.20752431729773715,-0.5818846533468353,1.022756981072887,-0.8911781791392073,-0.8731962242271888,-1.2952277204987825,0.3029768052917071,0.12524060923918506,1.8244148938550289
-0.4436521858663403,-0.47141351627267913,2.051480990286014,-0.2524002345529099,0.20752431729773715,-0.5492119514269114,0.9801029682110761,-0.8599332749143104,-0.8731962242271888,-1.2952277204987825,0.3029768052917071,0.22999368856058894,0.7165706896279379
-0.4043636494230978,-0.47141351627267913,2.051480990286014,-0.2524002345529099,0.20752431729773715,-0.9270788518921234,0.9729939660674408,-0.9856700381198321,-0.8731962242271888,-1.2952277204987825,0.3029768052917071,-0.0020338046662030074,2.086166078761813
-0.42180043669729184,-0.47141351627267913,1.514194071512836,-0.2524002345529099,0.5815853318227141,-0.813434671301082,0.9872119703547113,-0.9699718713767903,-0.6444201875099159,0.16225941275037692,1.2788942624104198,0.37701758048577905,0.6613907101070488
-0.4127855360691048,-0.47141351627267913,1.514194071512836,-0.2524002345529099,0.5815853318227141,0.23493289465127365,1.0867380003656029,-0.9577565776410472,-0.6444201875099159,0.16225941275037692,1.2788942624104198,0.4323392177459247,0.4067138815490968
-0.29479343522482976,-0.47141351627267913,1.514194071512836,-0.2524002345529099,0.5815853318227141,0.08577490762553272,1.0476384885756098,-0.72632219012707,-0.6444201875099159,0.16225941275037692,1.2788942624104198,0.4323392177459247,-0.03614082588778628
-0.4121884417154877,-0.47141351627267913,1.514194071512836,-0.2524002345529099,0.5815853318227141,-0.6301834300980275,0.9658849639238062,-0.625924589960156,-0.6444201875099159,0.16225941275037692,1.2788942624104198,0.3375186244461756,0.35577851583750625
-0.3242768391049158,-0.47141351627267913,1.514194071512836,-0.2524002345529099,0.5815853318227141,-0.7225193268282478,1.072519996078333,-0.6884648748303451,-0.6444201875099159,0.16225941275037692,1.2788942624104198,-1.1168976135851807,0.6783691653442452
-0.4131650106127476,-0.47141351627267913,1.514194071512836,-0.2524002345529099,0.5815853318227141,-0.45971715921146555,0.8983494435592724,-0.8798209845501898,-0.6444201875099159,0.16225941275037692,1.2788942624104198,0.21694286390422884,0.6203594432838229
-0.40912680301391124,-0.47141351627267913,1.514194071512836,-0.2524002345529099,0.5815853318227141,0.26760559657119753,1.072519996078333,-0.9389288728334759,-0.6444201875099159,0.16225941275037692,1.2788942624104198,0.39976990311677824,0.2935241799677848
-0.4230721524618294,-0.47141351627267913,1.514194071512836,-0.2524002345529099,0.5815853318227141,-0.5804641010894468,1.0654109939346976,-1.030392146590363,-0.6444201875099159,0.16225941275037692,1.2788942624104198,0.37620912232122583,1.2457325445205716
-0.3829865834645559,-0.47141351627267913,1.514194071512836,-0.2524002345529099,0.5815853318227141,-0.16282173741737094,1.0547474907192451,-1.0303416701699675,-0.6444201875099159,0.16225941275037692,1.2788942624104198,0.4323392177459247,0.8410793613673815
-0.23553284072119213,-0.47141351627267913,1.514194071512836,-0.2524002345529099,0.5815853318227141,-1.7708868927806036,1.1293920132274136,-1.1460841021371537,-0.6444201875099159,0.16225941275037692,1.2788942624104198,0.4323392177459247,3.097799036644788
-0.00534412659702111,-0.47141351627267913,1.1841055655644204,3.9500636707530394,2.730261392001068,-1.2253948259436065,1.1293920132274136,-1.2055453253632094,-0.5300321691512795,-0.03675489460091391,-1.741802628671313,0.4323392177459247,2.0239117428920914
-0.13342834612885623,-0.47141351627267913,1.1841055655644204,-0.2524002345529099,2.730261392001068,-0.19265333482251912,1.1293920132274136,-1.1563308154774674,-0.5300321691512795,-0.03675489460091391,-1.741802628671313,-2.154611414801073,2.1625691273291983
-0.13488639885568432,-0.47141351627267913,1.1841055655644204,-0.2524002345529099,2.730261392001068,-1.902998252717689,0.9765484671392587,-1.1352821481724882,-0.5300321691512795,-0.03675489460091391,-1.741802628671313,0.3723978195454742,2.4073418569987854
-0.1400045447615183,-0.47141351627267913,1.1841055655644204,-0.2524002345529099,2.730261392001068,-1.5336546657968053,0.9090129467747249,-1.100554370940293,-0.5300321691512795,-0.03675489460091391,-1.741802628671313,-0.02859743007295387,2.236142433357051
-0.08519427537185598,-0.47141351627267913,1.1841055655644204,-0.2524002345529099,2.730261392001068,-0.9498076880103304,0.9481124585647184,-1.1025229513357224,-0.5300321691512795,-0.03675489460091391,-1.741802628671313,-0.08796135815586621,1.2641258710275347
-0.2317299345418905,-0.47141351627267913,1.1841055655644204,-0.2524002345529099,2.730261392001068,-0.204017752881622,1.0334204842883394,-1.0559332153105534,-0.5300321691512795,-0.03675489460091391,-1.741802628671313,0.1539986210925805,0.22419548774923118
-0.16473295579366515,-0.47141351627267913,1.1841055655644204,-0.2524002345529099,2.730261392001068,-0.7907058351828739,1.0760744971501504,-1.0533084414499803,-0.5300321691512795,-0.03675489460091391,-1.741802628671313,-1.1262526294892972,0.4633087323397526
-0.264746940086435,-0.47141351627267913,1.1841055655644204,3.9500636707530394,2.730261392001068,-0.1940738870799076,0.9872119703547113,-0.9896071989106915,-0.5300321691512795,-0.03675489460091391,-1.741802628671313,-0.4440294326298341,0.3685123572654038
-0.12426927237656121,-0.47141351627267913,1.1841055655644204,-0.2524002345529099,2.730261392001068,-1.4114871716614357,0.9161219489183601,-0.9961691335621238,-0.5300321691512795,-0.03675489460091391,-1.741802628671313,-3.127995044923226,0.5128292267815767
-0.2744051792778587,-0.47141351627267913,1.1841055655644204,-0.2524002345529099,0.4163025579628406,-0.2835686792953522,1.1293920132274136,-0.9856195616994364,-0.5300321691512795,-0.03675489460091391,-1.741802628671313,-0.06440057736031381,-0.8610107761615972
-0.2632276817880516,-0.47141351627267913,1.1841055655644204,-0.2524002345529099,2.730261392001068,0.34715652298492644,1.1293920132274136,-0.981278589545412,-0.5300321691512795,-0.03675489460091391,-1.741802628671313,0.05594419513461794,-0.7251831342640228
-0.283841718287871,-0.47141351627267913,1.1841055655644204,3.9500636707530394,0.4163025579628406,-0.022187063935957155,0.8663589339129141,-0.9648737529168313,-0.5300321691512795,-0.03675489460091391,-1.741802628671313,-0.23729513055120843,-0.9925938042498722
-0.2580129670915415,-0.47141351627267913,1.1841055655644204,-0.2524002345529099,0.4163025579628406,1.7378771829677933,0.8023779146201981,-0.8778019277343644,-0.5300321691512795,-0.03675489460091391,-1.741802628671313,0.1728241469243212,-1.5260002729518047
-0.25044251795205913,-0.47141351627267913,1.1841055655644204,3.9500636707530394,0.4163025579628406,2.996486483013575,0.9125674478465428,-0.78134148835831,-0.5300321691512795,-0.03675489460091391,-1.741802628671313,0.3347467678819928,-1.3010357410589473
-0.1520593221102845,-0.47141351627267913,1.1841055655644204,-0.2524002345529099,0.4163025579628406,-0.584725757861611,0.8379229253383738,-0.6501027953296643,-0.5300321691512795,-0.03675489460091391,-1.741802628671313,0.4116657875380626,-0.12386284461330294
-0.059347842565966064,-0.47141351627267913,1.1841055655644204,-0.2524002345529099,0.4163025579628406,-0.23384935028677142,0.8805769382001846,-0.7200631139980115,-0.5300321691512795,-0.03675489460091391,-1.741802628671313,-1.3779141067123835,-0.382784286980554
-0.1836373166613736,-0.47141351627267913,1.1841055655644204,-0.2524002345529099,0.4163025579628406,2.3629201762185192,0.9943209724983465,-0.8399446124376397,-0.5300321691512795,-0.03675489460091391,-1.741802628671313,0.11357571286491636,-1.2472706328078242
-0.21218767560619475,-0.47141351627267913,1.1841055655644204,-0.2524002345529099,0.4163025579628406,-0.5520530559416859,0.39005579028936155,-0.6481342149342345,-0.5300321691512795,-0.03675489460091391,-1.741802628671313,-1.522859106214436,-0.05311928112498296
-0.12388163709004442,-0.47141351627267913,1.1841055655644204,-0.2524002345529099,0.4163025579628406,0.19373687918702134,0.9587759617801709,-0.7306126858606986,-0.5300321691512795,-0.03675489460091391,-1.741802628671313,-0.3398538234259677,-0.16913872524582774
-0.2928239759445619,-0.47141351627267913,1.1841055655644204,-0.2524002345529099,0.4163025579628406,-0.5548941604564628,0.9374489553492653,-0.6481342149342345,-0.5300321691512795,-0.03675489460091391,-1.741802628671313,-0.7758437621672025,0.27088623965152236
-0.1423289963568068,-0.47141351627267913,1.1841055655644204,-0.2524002345529099,0.4163025579628406,-0.5477913991695229,1.0334204842883394,-0.66691144332141,-0.5300321691512795,-0.03675489460091391,-1.741802628671313,-0.13092513490069813,-0.06868286509241353
-0.43812328256917976,-0.47141351627267913,-1.0350608835173496,-0.2524002345529099,-0.4101113113365262,-0.9853214944450313,0.7206243899683944,-0.5622233474208672,-0.5300321691512795,-0.663064626559388,-0.8588296912781902,0.4323392177459247,0.3076728926654487
-0.44456482894442023,-0.47141351627267913,-1.0350608835173496,-0.2524002345529099,-0.4101113113365262,0.21362461079045386,0.5642263428084217,-0.5368841843822594,-0.5300321691512795,-0.663064626559388,-0.8588296912781902,0.41617005445485933,-0.49172937475256695
-0.44555907945124046,-0.47141351627267913,-1.0350608835173496,-0.2524002345529099,-0.4101113113365262,-0.5776229965746711,0.016833177748517923,-0.5088192946422874,-0.5300321691512795,-0.663064626559388,-0.8588296912781902,0.3899529111186316,-0.4068370985665828
-0.447984180208642,-0.47141351627267913,-1.0350608835173496,-0.2524002345529099,-0.4101113113365262,0.3982964042508957,-1.248569203818533,-0.29156878125948327,-0.5300321691512795,-0.663064626559388,-0.8588296912781902,0.3637357677824033,-1.0166466158359009
-0.44749725588382444,-0.47141351627267913,-1.0350608835173496,-0.2524002345529099,-0.4101113113365262,-0.3489140831352012,-0.7473845526922571,-0.07825542866753829,-0.5300321691512795,-0.663064626559388,-0.8588296912781902,0.3899529111186316,-0.3403381488875622
-0.44966937361213083,-0.47141351627267913,-1.0350608835173496,-0.2524002345529099,-0.4101113113365262,0.07014883279426438,0.18389472812394328,-0.198086450686771,-0.5300321691512795,-0.663064626559388,-0.8588296912781902,0.41732499468993567,-0.8808189739383266
-0.44801410293251354,-0.47141351627267913,-1.0350608835173496,-0.2524002345529099,-0.4101113113365262,0.8443498130707325,0.21943973884211887,-0.40110261351800686,-0.5300321691512795,-0.663064626559388,-0.8588296912781902,0.3673160825111393,-0.7916820839430435
-0.4491865296587503,-0.47141351627267913,-1.262264660338986,-0.2524002345529099,-0.6014913652795376,1.0148160839572944,-0.34928043264869074,-0.4446637643194381,-0.7588082058685524,-1.265960910594181,-0.3011625729246398,0.4323392177459247,-1.0576778826591267
-0.4480875496183799,-0.47141351627267913,-1.262264660338986,-0.2524002345529099,-0.6014913652795376,2.1299496060068854,0.5357903342338812,-0.48908301426759493,-0.7588082058685524,-1.265960910594181,-0.3011625729246398,0.416863018595905,-0.701130322677994
-0.44767951247467797,-0.47141351627267913,-1.262264660338986,-0.2524002345529099,-0.6014913652795376,-0.17276560321908657,-0.21420939191962338,-0.5613147718537457,-0.7588082058685524,-1.265960910594181,-0.3011625729246398,0.4323392177459247,-0.4337196526921446
-0.4446668382303457,-0.47141351627267913,-1.262264660338986,-0.2524002345529099,-0.6014913652795376,1.2634127290001969,0.8521409296256441,-0.5094754881074307,-0.7588082058685524,-1.265960910594181,-0.3011625729246398,0.40023187921080894,-1.0888050505939872
-0.4434359261801783,-0.47141351627267913,-1.262264660338986,-0.2524002345529099,-0.6014913652795376,0.4224457926264912,0.9729939660674408,-0.43557800864822405,-0.7588082058685524,-1.265960910594181,-0.3011625729246398,0.4323392177459247,-0.967126121394077
-0.4494286316973467,-0.47141351627267913,-1.262264660338986,-0.2524002345529099,-0.6014913652795376,2.223706054994495,-0.5198964840959335,-0.2578000560148048,-0.7588082058685524,-1.265960910594181,-0.3011625729246398,0.38302326970817463,-1.1411552875753443
-0.4463370702718988,1.5131718303619874,-1.1222271123608707,-0.2524002345529099,-1.0451451266928815,0.7335467369944669,-0.9642091180731283,0.03970796579705608,-0.5300321691512795,-0.0660217045055155,-1.5094413293573337,0.39734452862311864,-0.8256389944174372
-0.44566380898479063,1.5131718303619874,-1.1222271123608707,-0.2524002345529099,-1.0451451266928815,1.3060292967218363,-1.0424081416531146,0.4324649928954761,-0.5300321691512795,-0.0660217045055155,-1.5094413293573337,0.4323392177459247,-1.0081573882173027
-0.44471444256377757,1.5131718303619874,-1.1222271123608707,-0.2524002345529099,-1.0451451266928815,0.9736200684930422,-1.6608913281493698,1.3981293914843305,-0.5300321691512795,-0.0660217045055155,-1.5094413293573337,0.21035970456429506,-1.0491886550405283
-0.4476482296269942,1.5131718303619874,-1.1222271123608707,-0.2524002345529099,-1.0451451266928815,0.672462989926782,-1.330322728470337,1.3981293914843305,-0.5300321691512795,-0.0660217045055155,-1.5094413293573337,0.3492990148439518,-1.1071983771009506
-0.44526393258396274,1.5131718303619874,-1.1222271123608707,-0.2524002345529099,-1.0451451266928815,1.2960854309201209,-1.490275276702127,1.3981293914843305,-0.5300321691512795,-0.0660217045055155,-1.5094413293573337,0.3583075486775459,-1.364704948198435
-0.45407345451648656,2.1747002792402097,-1.195103795492339,-0.2524002345529099,-1.3583124876905366,0.7591166776274509,-2.0732134524802066,1.2667897456148933,-0.9875842425858252,-0.8445188479679179,-1.32355228990615,0.39156982744773805,-1.059092753928893
-0.45509082712811655,2.1747002792402097,-1.195103795492339,-0.2524002345529099,-1.3583124876905366,0.4806884351794003,-1.756862857088444,1.2667897456148933,-0.9875842425858252,-0.8445188479679179,-1.32355228990615,0.19904129026054887,-1.151059386463709
-0.4507017075856966,3.0567382110778394,-1.3965863900322808,-0.2524002345529099,-1.3322152076073992,1.1952262206455722,-1.1241616663049183,1.816679869404919,-0.8731962242271888,-0.4699036811890175,-2.7177200857900266,-0.059549828372993927,-0.5525688393525221
-0.45462974515573346,3.7182666599560616,-1.403731162888307,-0.2524002345529099,-1.3409143009684452,1.2350016838524358,-1.9310334096075044,1.990520661247479,-0.7588082058685524,-0.04260825658183423,-0.6729406518270074,0.2868167481263342,-1.1411552875753443
-0.45236241876056327,3.166992952557543,-1.3237097069008124,-0.2524002345529099,-1.2365251806358935,-0.14719566258610134,-1.0601806470122024,1.2922298614942922,-0.8731962242271888,-0.35868980355153146,-1.741802628671313,0.39618958838804225,-0.7195236491849571
-0.45227401071276124,3.7182666599560616,-1.2308276597724706,-0.2524002345529099,-1.2269561779387423,2.2549582046570307,-1.2450147027467153,0.7107414985366008,-0.6444201875099159,-1.084506689185651,-1.741802628671313,0.3847556800607886,-1.2317070488403936
-0.454315556555083,3.7182666599560616,-1.2308276597724706,-0.2524002345529099,-1.2269561779387423,2.51207816324426,-1.2912232166803437,0.7107414985366008,-0.6444201875099159,-1.084506689185651,-1.741802628671313,0.3590005128185916,-1.3632900769286689
-0.43849323624613606,-0.47141351627267913,-0.10052459394910905,-0.2524002345529099,-0.5927922719184917,-0.5321653243382546,-1.6324553195748295,0.11885499297740837,-0.6444201875099159,-0.774278504196874,0.07061550597772763,0.4323392177459247,-0.23280793238531586
-0.4258073614484444,-0.47141351627267913,-0.10052459394910905,-0.2524002345529099,-0.5927922719184917,0.08577490762553272,-0.5589959958859266,0.32555593449752535,-0.6444201875099159,-0.774278504196874,0.07061550597772763,0.4088939309738798,-0.21865921968765167
-0.43856804305581476,-0.47141351627267913,-0.10052459394910905,3.9500636707530394,-0.5927922719184917,-0.2864097838101279,-0.32439892514596774,0.2671547160997783,-0.6444201875099159,-0.774278504196874,0.07061550597772763,0.2523995291210656,0.3034282788561496
-0.40593731267397476,-0.47141351627267913,-0.10052459394910905,3.9500636707530394,-0.5927922719184917,-1.223974273686218,0.7241788910402117,-0.02268088981194635,-0.6444201875099159,-0.774278504196874,0.07061550597772763,0.4131672098436615,1.6220883022784338
-0.4379355854830769,-0.47141351627267913,-0.10052459394910905,-0.2524002345529099,-0.5927922719184917,0.15538196823754474,-1.2770052123930735,0.11885499297740837,-0.6444201875099159,-0.774278504196874,0.07061550597772763,0.3042563456759834,-0.44362375158050915
-0.4176656603077794,-0.47141351627267913,-0.10052459394910905,-0.2524002345529099,-0.5927922719184917,-1.2126098556271125,-2.0767679535520243,-0.06180011561856196,-0.6444201875099159,-0.774278504196874,0.07061550597772763,-0.12168561302008905,2.410171599538318
-0.45084588070980464,-0.47141351627267913,0.3710304145486272,3.9500636707530394,-0.06214757689468713,-0.5364269811104188,-0.4345884583723121,-0.3017650181794011,-0.5300321691512795,-0.7801318661777944,-0.9517742110037833,0.38498666810780424,0.14071808283301362
-0.4015944373411743,-0.47141351627267913,-0.7278356507082185,3.9500636707530394,-0.4362085914196641,-0.14435455807132688,0.820150419979286,-0.3341204036530018,-0.1868681140753701,-0.5986776447692645,-0.4870516123758244,0.4131672098436615,1.2655407422973013
-0.3722361648518235,-0.47141351627267913,-0.7278356507082185,3.9500636707530394,-0.4362085914196641,0.8713403059611037,0.3367382742120982,-0.2210027455463883,-0.1868681140753701,-0.5986776447692645,-0.4870516123758244,0.3571526084424695,-0.36580583174335735
-0.37344123454955636,-0.47141351627267913,-0.7278356507082185,-0.2524002345529099,-0.4362085914196641,0.5005761667828316,0.4469278074384423,-0.2210027455463883,-0.1868681140753701,-0.5986776447692645,-0.4870516123758244,0.4323392177459247,-0.6954708375989284
-0.41415926111956786,-0.47141351627267913,-0.7278356507082185,-0.2524002345529099,-0.46230587150280206,2.8416462869582815,0.35806528064300336,-0.411652185380694,-0.1868681140753701,-0.5986776447692645,-0.4870516123758244,0.29547879988940506,-1.1850162969381024
-0.3853790412504613,-0.47141351627267913,-0.7278356507082185,-0.2524002345529099,-0.46230587150280206,3.49367977309938,0.5251268310184287,-0.411652185380694,-0.1868681140753701,-0.5986776447692645,-0.4870516123758244,0.2602531227195833,-1.115687604719549
-0.40507227392932676,-0.47141351627267913,-0.7278356507082185,-0.2524002345529099,-0.46230587150280206,2.5206014767885887,0.6495343685320433,-0.2494714466495253,-0.1868681140753701,-0.5986776447692645,-0.4870516123758244,0.3223889073666784,-1.327918295184509
-0.4009592595208117,-0.47141351627267913,-0.7278356507082185,-0.2524002345529099,-0.46230587150280206,1.2747771470592997,0.41493729779208455,-0.2494714466495253,-0.1868681140753701,-0.5986776447692645,-0.4870516123758244,0.14568305140003215,-0.8709148750499618
-0.3969604955125332,-0.47141351627267913,-0.7278356507082185,-0.2524002345529099,-0.46230587150280206,0.4068197177952241,-1.6644458292211874,-0.16901203253888625,-0.1868681140753701,-0.5986776447692645,-0.4870516123758244,0.24108111481731945,-1.2387814051892256
-0.3840093965714353,-0.47141351627267913,-0.7278356507082185,-0.2524002345529099,-0.46230587150280206,-0.4043156211733334,-0.0044938286823877314,-0.019399922486230233,-0.1868681140753701,-0.5986776447692645,-0.4870516123758244,0.21809780413930524,-0.12244797334353656
-0.3788014824939869,-0.47141351627267913,-0.7278356507082185,-0.2524002345529099,-0.4362085914196641,2.94250549723283,0.1803402270521254,0.06484522315408121,-0.1868681140753701,-0.5986776447692645,-0.4870516123758244,0.3054112859110598,-1.4212997989890912
-0.41196402128645165,-0.47141351627267913,-0.7278356507082185,-0.2524002345529099,-0.4362085914196641,2.814655794067909,0.07725969596941652,-0.029293300883774326,-0.1868681140753701,-0.5986776447692645,-0.4870516123758244,0.22502744554976153,-1.2118988510636641
-0.39612673961556905,-0.47141351627267913,-0.7278356507082185,3.9500636707530394,-0.4362085914196641,0.653995810580738,-0.061365845831468466,-0.029293300883774326,-0.1868681140753701,-0.5986776447692645,-0.4870516123758244,0.008476151472989305,-0.6318016304594403
-0.4121027539153103,-0.47141351627267913,-0.7278356507082185,-0.2524002345529099,-0.4362085914196641,-0.2551576341475912,-0.23909089942234638,-0.029293300883774326,-0.1868681140753701,-0.5986776447692645,-0.4870516123758244,0.19961876037808707,-0.23139306111554925
-0.38624271987129694,-0.47141351627267913,-0.7278356507082185,3.9500636707530394,-0.4362085914196641,0.5190433461288769,0.29408426135028737,0.2211202206989607,-0.1868681140753701,-0.5986776447692645,-0.4870516123758244,0.3347467678819928,-0.420985811264247
-0.44163920262407763,0.8516433814837654,-0.9093128812512867,-0.2524002345529099,-1.1234369669422957,0.8969102465940889,-0.4950149765932107,1.325594775375806,-0.415644150792643,-0.6396511786357068,-0.8588296912781902,0.3670850944641243,-0.16064949762722927
-0.44305237126509855,0.8516433814837654,-0.9093128812512867,-0.2524002345529099,-1.1234369669422957,0.13123257986194797,-0.5447779915986565,1.6786268596228628,-0.415644150792643,-0.6396511786357068,-0.8588296912781902,0.15342115097504233,-0.1832874379434917
-0.4396969458200567,0.8516433814837654,-0.9093128812512867,-0.2524002345529099,-1.1234369669422957,0.1809519088705287,-2.1478579749883755,1.6786268596228628,-0.415644150792643,-0.6396511786357068,-0.8588296912781902,0.17605797958253402,-1.0364548136126306
-0.4290186137693783,0.49882820874871353,-0.7764201061291974,-0.2524002345529099,-1.0973396868591578,-0.9554898970398831,0.29408426135028737,2.1427070687403122,-0.30125613243400656,-0.4640503192080972,0.3029768052917071,0.1504183063638445,-0.0021839154133926663
-0.4108269577793357,0.49882820874871353,-0.7764201061291974,-0.2524002345529099,-1.0973396868591578,-0.2239054844850558,-1.184588184525817,2.193486347658319,-0.30125613243400656,-0.4640503192080972,0.3029768052917071,0.3547272339488099,-0.47475091951537
-0.43468896994302214,0.49882820874871353,-0.7764201061291974,-0.2524002345529099,-1.0973396868591578,0.23777399916604935,-0.6798490323277235,2.07789534495232,-0.30125613243400656,-0.4640503192080972,0.3029768052917071,0.17605797958253402,-0.4238155538037797
-0.4311064038213196,0.49882820874871353,-0.7764201061291974,-0.2524002345529099,-1.0973396868591578,0.6426313925216338,-1.803071371022072,2.07789534495232,-0.30125613243400656,-0.4640503192080972,0.3029768052917071,0.39584310631751973,-0.8426174496546339
-0.43796550820694835,0.49882820874871353,-0.7764201061291974,-0.2524002345529099,-1.0973396868591578,0.31448382106500256,-1.9630239192538623,1.860947690091889,-0.30125613243400656,-0.4640503192080972,0.3029768052917071,0.42517858828845273,-0.9359989534592161
-0.4279291545956942,0.49882820874871353,-0.7764201061291974,-0.2524002345529099,-1.0973396868591578,0.24487676045298928,-2.1087584631983822,1.860947690091889,-0.30125613243400656,-0.4640503192080972,0.3029768052917071,0.20331456913033058,-1.2628342167752544
-0.4068676373616151,0.49882820874871353,-0.7764201061291974,-0.2524002345529099,-1.0973396868591578,2.8317024211565656,-2.12653096855747,2.623141638065947,-0.30125613243400656,-0.4640503192080972,0.3029768052917071,0.4323392177459247,-1.2699085731240867
-0.3835863980657977,0.41062441556495055,-1.0464925200869917,-0.2524002345529099,0.7816644791267716,1.3315992373548204,0.48247281815661786,-0.8065292221357308,-0.5300321691512795,-0.8503722099488382,-2.531831046338843,0.38498666810780424,-0.41391145491541487
-0.38440111222938905,0.41062441556495055,-1.0464925200869917,-0.2524002345529099,0.7816644791267716,1.7819143029468214,0.7526148996147526,-0.7925472536861403,-0.5300321691512795,-0.8503722099488382,-2.531831046338843,0.33382281569393213,-0.7435764607709859
-0.3863025653190399,0.41062441556495055,-1.0464925200869917,-0.2524002345529099,0.7816644791267716,3.0291591849334987,0.8272594221229211,-0.7174888165578341,-0.5300321691512795,-0.8503722099488382,-2.531831046338843,0.31638321814428283,-0.9345840821894498
-0.34480246755693317,0.41062441556495055,-1.0464925200869917,-0.2524002345529099,0.7816644791267716,1.5077477172709364,0.9338944542774479,-0.8233378701274764,-0.5300321691512795,-0.8503722099488382,-2.531831046338843,0.3921472975652762,-0.1790428241341926
-0.38223171474870743,0.41062441556495055,-1.0464925200869917,-0.2524002345529099,0.7816644791267716,1.3358608941269858,0.8308139231947385,-0.8983963072557828,-0.5300321691512795,-0.8503722099488382,-2.531831046338843,0.3282791025655665,-0.6247272741106085
-0.35345829549866253,0.41062441556495055,-1.0464925200869917,-0.2524002345529099,0.7816644791267716,-1.0023681215336882,-0.19288238548871822,-0.8699276061526457,-0.5300321691512795,-0.8503722099488382,-2.531831046338843,0.3803669071674994,-0.2922325257155046
-0.35018311735854873,0.41062441556495055,-1.0464925200869917,-0.2524002345529099,0.7816644791267716,1.0631148607084855,0.5819988481675095,-0.7960301266934392,-0.5300321691512795,-0.8503722099488382,-2.531831046338843,0.28416038558565887,0.32182160536311266
-0.3835333532371164,0.41062441556495055,-1.0464925200869917,-0.2524002345529099,0.1553297571314613,1.710886690077421,-0.5554414948141091,-0.42295890354931587,-0.5300321691512795,-0.8503722099488382,-2.531831046338843,0.3561131622309013,-1.3236736813752097
-0.4349990781722356,0.41062441556495055,-0.6192351032966188,-0.2524002345529099,-0.810269605944641,-0.036392586509837004,-1.845725383883883,0.3629589620106892,-0.7588082058685524,-1.0903600511665712,0.07061550597772763,0.4323392177459247,-0.8383728358453347
-0.4414610264046612,0.41062441556495055,-0.6192351032966188,-0.2524002345529099,-0.810269605944641,0.3869319861917903,-0.3386169294332379,0.10477207168702687,-0.7588082058685524,-1.0903600511665712,0.07061550597772763,0.40993337718544803,-0.6770775110919651
-0.42686961814588165,0.41062441556495055,-0.6192351032966188,3.9500636707530394,-0.810269605944641,2.0248287389601725,-0.5838775033886496,0.33141119926341905,-0.7588082058685524,-1.0903600511665712,0.07061550597772763,0.3615413813357587,-0.8397877071151011
-0.44937150649722846,1.2926623474025802,-0.6978276047129081,3.9500636707530394,-0.9581541930824222,0.6994534828171532,-1.255678205962168,0.18558482074043542,-0.6444201875099159,-0.9089058297580414,-0.3941070926502313,0.4323392177459247,-1.271323444393853
-0.4284337605300722,0.41062441556495055,-1.1379456126441285,-0.2524002345529099,-0.9938204758627106,0.7761633047161077,-1.280559713464891,0.19724487385182637,-0.5300321691512795,-1.1313335850330135,-1.6488581089457208,0.4323392177459247,-1.0845604367846882
-0.452008786569355,0.41062441556495055,-1.1379456126441285,-0.2524002345529099,-0.9938204758627106,0.9977694568686376,-1.102834659874013,0.7746951231778676,-0.5300321691512795,-1.1313335850330135,-1.6488581089457208,0.37840350876787043,-1.1213470897986146
-0.44871184644824375,0.41062441556495055,-1.1379456126441285,3.9500636707530394,-0.9938204758627106,1.9594833351203234,-0.6585220258968182,0.7581388572881,-0.5300321691512795,-1.1313335850330135,-1.6488581089457208,0.20331456913033058,-1.3448967504217058
-0.4550064994517515,3.4977571769966542,-1.4408839817396437,3.9500636707530394,-1.3583124876905366,2.3543968626741907,-1.5435927927793904,1.0978956429711053,-0.9875842425858252,-1.2366941006895793,-2.2529974871620677,0.4164010425018743,-1.3236736813752097
-0.45581577312009364,3.4977571769966542,-1.1893879772075178,-0.2524002345529099,-1.3670115810515826,1.1682357277551982,-1.6857728356520927,1.8158217702581931,-0.9875842425858252,-0.7274516083495115,-1.4629690694945372,0.4071615206212659,-0.6600990558547684
-0.4555573495957491,1.9541907962808023,-1.2922727063342967,-0.2524002345529099,-1.4627016080230884,0.26618504431380907,-1.2912232166803437,1.8158217702581931,-0.9875842425858252,-0.6396511786357068,-1.4629690694945372,0.4071615206212659,-0.6063339476036451
-0.45437540200282595,3.0567382110778394,-1.3622914803233543,-0.2524002345529099,-1.4974979814672722,-0.05059810908371685,-1.3054412209676138,2.715261105287977,-0.9875842425858252,-0.9849995355100055,-0.11527353347345692,-0.20634273225116836,0.05865554918656247
-0.45080507699543443,1.8439360548010986,-0.8535836529742815,-0.2524002345529099,-1.3235161142463527,0.07014883279426438,-0.8042565698413381,1.8208189358773608,-0.415644150792643,-0.680624712502149,-0.8588296912781902,0.4323392177459247,-0.6954708375989284
-0.45228489170326,3.0567382110778394,-0.9064549721088762,-0.2524002345529099,-1.2713215540800769,0.845770365328121,-1.4334032595530461,0.7100853050714573,-0.6444201875099159,-0.9615860875863242,0.34944906515450197,0.4323392177459247,-1.299620869789181
-0.4521311977124655,3.0567382110778394,-0.9064549721088762,-0.2524002345529099,-1.2713215540800769,0.5176227938714885,-1.5933558077848362,0.7100853050714573,-0.6444201875099159,-0.9615860875863242,0.34944906515450197,0.4323392177459247,-1.1057835058311842
-0.44580662198508625,-0.47141351627267913,0.3753172782622428,-0.2524002345529099,-1.0451451266928815,-0.19691499159468207,-1.771080861375714,0.9049242877986007,-0.6444201875099159,-0.7040381604258302,-1.1376632504549662,0.4323392177459247,-0.5568134531618212
-0.4497414601741848,-0.47141351627267913,0.3753172782622428,-0.2524002345529099,-1.0451451266928815,0.40255806102305863,-0.6123135119631901,1.1359548639494128,-0.6444201875099159,-0.7040381604258302,-1.1376632504549662,0.3855641382253424,-0.7251831342640228
-0.4378662191686475,-0.47141351627267913,0.3753172782622428,-0.2524002345529099,-1.0451451266928815,-0.6756411023344441,-0.36349843693596096,1.317468071692109,-0.6444201875099159,-0.7040381604258302,-1.1376632504549662,0.4323392177459247,0.4703830886885847
-0.45223728736982804,1.0280509678512912,-0.7435541509914765,-0.2524002345529099,-1.0799415001370658,0.46080070357596775,-0.9890906255758513,0.899371881555081,-0.30125613243400656,-0.4699036811890175,-1.0911909905921697,0.4190574050425496,-0.42664529634331244
-0.4444451380489343,1.0280509678512912,-0.7435541509914765,-0.2524002345529099,-1.0799415001370658,0.3258482391241067,-1.771080861375714,0.899371881555081,-0.30125613243400656,-0.4699036811890175,-1.0911909905921697,0.278847660504309,-0.5440796117339236
-0.443446807170677,1.0280509678512912,-0.7435541509914765,-0.2524002345529099,-1.0799415001370658,1.0176571884720702,-1.795962368878437,0.899371881555081,-0.30125613243400656,-0.4699036811890175,-1.0911909905921697,0.3576145845365002,-1.0831455655149218
-0.4495469624690203,0.9839490712594099,-1.3022753883327336,-0.2524002345529099,-0.7406768590562728,1.3784774618486266,-0.9642091180731283,0.15751993100046344,-0.30125613243400656,-1.0962134131474917,-0.022329013747865476,0.39515014217647404,-0.7902672126732772
-0.4495959269262645,0.9839490712594099,-1.3022753883327336,-0.2524002345529099,-0.7406768590562728,0.49773506226805714,-0.3599439358641433,-0.17158632997906356,-0.30125613243400656,-1.0962134131474917,-0.022329013747865476,0.3914543334242305,-0.5072929587199972
-0.4468430363300891,0.9839490712594099,-1.3022753883327336,-0.2524002345529099,-0.7406768590562728,1.6398590772080204,0.1305772120466799,-0.3082764764104376,-0.30125613243400656,-1.0962134131474917,-0.022329013747865476,0.4323392177459247,-0.8553512910825315
-0.3899966615933543,-0.47141351627267913,-0.199122459362272,-0.2524002345529099,-0.114342137060963,0.5247255551584283,0.5073543256593409,-0.198086450686771,-0.6444201875099159,-0.6162377307120255,-0.022329013747865476,0.4323392177459247,-1.1284214461474464
-0.40952531929092667,-0.47141351627267913,-0.199122459362272,-0.2524002345529099,-0.114342137060963,-0.41710059148982476,0.3011932634939226,-0.3066107545373818,-0.6444201875099159,-0.6162377307120255,-0.022329013747865476,0.4247166121944227,-0.36014634666429163
-0.09859013479958903,-0.47141351627267913,-0.199122459362272,-0.2524002345529099,-0.114342137060963,-1.8362322966204525,-1.0815076534431078,-0.6009387618643176,-0.6444201875099159,-0.6162377307120255,-0.022329013747865476,-0.10413052144693226,0.017624282363337004
-0.34954249904293677,-0.47141351627267913,-0.199122459362272,-0.2524002345529099,-0.114342137060963,-0.204017752881622,-0.5483324926704741,-0.5399127696059974,-0.6444201875099159,-0.6162377307120255,-0.022329013747865476,0.4323392177459247,-0.924679983301085
-0.42145496524895754,-0.47141351627267913,-0.199122459362272,-0.2524002345529099,-0.114342137060963,-0.344652426363037,0.7881599103329282,-0.4421399432996565,-0.6444201875099159,-0.6162377307120255,-0.022329013747865476,0.4254095763354684,-0.11254387445517172
-0.4225607459083897,-0.47141351627267913,-0.199122459362272,-0.2524002345529099,-0.114342137060963,-0.7963880442124253,0.3367382742120982,0.11865308729582587,-0.6444201875099159,-0.6162377307120255,-0.022329013747865476,0.4267955046175598,-0.1436710423900326
-0.41375938471873996,-0.47141351627267913,-0.199122459362272,-0.2524002345529099,-0.114342137060963,-0.49949262241833065,0.5322358331620639,0.1457084486278853,-0.6444201875099159,-0.6162377307120255,-0.022329013747865476,0.3607329231712055,0.8226860348604179
-0.4236950891678809,-0.47141351627267913,-0.199122459362272,-0.2524002345529099,-0.114342137060963,-0.6870055203935481,0.12346820990304468,0.16241614377883964,-0.6444201875099159,-0.6162377307120255,-0.022329013747865476,0.4323392177459247,0.48453180138624863
-0.4023683477903956,-0.47141351627267913,-0.199122459362272,-0.2524002345529099,-0.114342137060963,0.16532583403926163,-0.03648433832874545,-0.08956214683615996,-0.6444201875099159,-0.6162377307120255,-0.022329013747865476,0.41282072777313833,-0.3049663671434022
-0.4342523701992611,-0.47141351627267913,-0.5592190113059978,-0.2524002345529099,-0.5579958984743077,0.22783013336433372,-0.5661049980295618,0.4191896943314246,-0.5300321691512795,-0.7157448843876709,0.5353381046056865,0.4323392177459247,-0.7520656883895843
-0.41065558217898096,-0.47141351627267913,-0.5592190113059978,-0.2524002345529099,-0.5579958984743077,0.2122040585330654,-0.9997541287913039,0.5104005859863333,-0.5300321691512795,-0.7157448843876709,0.5353381046056865,0.4323392177459247,-0.9048717855243554
-0.4309527098305252,-0.47141351627267913,-0.5592190113059978,-0.2524002345529099,-0.5579958984743077,0.23493289465127365,-1.9025974010329636,0.8611107548951912,-0.5300321691512795,-0.7157448843876709,0.5353381046056865,0.39515014217647404,-1.052018397580061
-0.4242649810452513,-0.47141351627267913,-0.5592190113059978,-0.2524002345529099,-0.5579958984743077,-0.2594192909197567,-0.8717920902058717,0.8611107548951912,-0.5300321691512795,-0.7157448843876709,0.5353381046056865,0.4323392177459247,0.038847351409832795
-0.44804810602782197,-0.47141351627267913,-1.1508062037849758,-0.2524002345529099,-0.8450659793888244,-0.5648380262581797,-1.5080477820612148,0.7595017206387821,-0.6444201875099159,0.1212858788839347,-0.7194129116898038,0.2653348597539182,-0.36014634666429163
-0.45086764269080204,-0.47141351627267913,-1.1508062037849758,-0.2524002345529099,-0.8450659793888244,-0.17276560321908657,-1.280559713464891,1.0921413310460033,-0.6444201875099159,0.1212858788839347,-0.7194129116898038,0.10514464914886049,-0.48465501840373487
-0.450134535955951,-0.47141351627267913,-0.8721600623999499,-0.2524002345529099,-0.3666158445312963,0.07156938505165161,-1.0708441502276551,1.3873274375196651,-0.5300321691512795,-1.084506689185651,0.814171663782461,0.3492990148439518,-0.967126121394077
-0.45196390248354773,-0.47141351627267913,-0.8721600623999499,-0.2524002345529099,-0.3666158445312963,0.06304607150732319,-1.0566261459403847,1.3873274375196651,-0.5300321691512795,-1.084506689185651,0.814171663782461,0.3457187001152158,-0.8157348955290723
-0.45238690098918544,-0.47141351627267913,-0.8721600623999499,-0.2524002345529099,-0.3666158445312963,-0.5634174740007912,-0.7793750623386154,0.7678303300040613,-0.5300321691512795,-1.084506689185651,0.814171663782461,0.4323392177459247,-0.38419915825032036
-0.4525514759704785,-0.47141351627267913,-0.8721600623999499,-0.2524002345529099,-0.3666158445312963,-0.2935125450970678,-1.0992801588021957,0.5563846049667549,-0.5300321691512795,-1.084506689185651,0.814171663782461,0.4235616719593463,-0.566717552050186
-0.4495714446976424,-0.47141351627267913,-0.8721600623999499,-0.2524002345529099,-0.3666158445312963,-0.3986334121437807,-0.8113655719849734,0.5563846049667549,-0.5300321691512795,-1.084506689185651,0.814171663782461,0.4323392177459247,-0.39268838586891885
-0.4486819237243722,-0.47141351627267913,-0.8721600623999499,-0.2524002345529099,-0.3666158445312963,-0.42278280051937744,-0.34572593157687315,0.5563846049667549,-0.5300321691512795,-1.084506689185651,0.814171663782461,0.4323392177459247,-0.45635759300840695
-0.45527852421421944,1.0721528644431728,-1.3965863900322808,-0.2524002345529099,-1.001649659887652,1.3855802231355665,-0.6727400301840887,1.6798382937123577,-0.9875842425858252,-0.7333049703304318,-1.3700245497689456,0.4073925086682809,-0.9940086755196386
-0.45365045601084897,-0.47141351627267913,-1.343715070897686,-0.2524002345529099,-0.34051856444815837,0.3897730907065673,-0.30307191871506234,1.2906650924620278,-0.9875842425858252,0.07445898303657215,-1.184135510317762,0.3521863654316421,-0.5469093542734563
-0.45358925043929366,1.9541907962808023,-1.0736426569398918,-0.2524002345529099,-0.6362877387237216,0.6113792428590985,-0.4203704540850419,1.0207171961861827,-0.5300321691512795,-0.22991583997128442,-0.3941070926502313,0.4323392177459247,-0.7548954309291172
-0.4529010277902498,1.9541907962808023,-1.0736426569398918,-0.2524002345529099,-0.6362877387237216,0.8642375446741638,-1.4262942574094108,1.3908607869473593,-0.5300321691512795,-0.22991583997128442,-0.3941070926502313,0.3292030547536279,-1.1185173472590817
-0.45450461376499823,3.277247694037247,-1.020771337805297,-0.2524002345529099,-1.1147378735812496,0.3556798365292549,-1.440512261696681,2.4356722127165655,-0.6444201875099159,-0.3411297176087705,-0.2546903130618449,0.38071338923802256,-0.8709148750499618
-0.4550064994517515,3.0567382110778394,-1.326567616043223,-0.2524002345529099,-1.062543313414974,0.5247255551584283,-1.36942224026033,2.3391108204997195,-0.6444201875099159,-0.7567184182541131,-0.6729406518270074,0.36350477973538825,-0.9232651120313186
-0.45310504636210075,1.2926623474025802,-1.4351681634548228,-0.2524002345529099,-1.1147378735812496,0.9565734414043853,-1.1988061888130872,2.565295660292551,-0.9875842425858252,-0.4347835093034956,0.5818103644684814,0.35091593117305886,-0.9374138247289827
-0.44719530839748506,2.1747002792402097,-1.3722941623217912,-0.2524002345529099,-1.2713215540800769,-0.5421091901399715,-1.7675263603038964,3.533534356321583,-0.6444201875099159,0.010072001246448642,-0.06880127361066038,0.37955844900294616,-0.6685882834733667
0.7647457348353652,-0.47141351627267913,0.9726202890260421,3.9500636707530394,1.8516529625354257,-0.07616804971670083,1.0369749853601573,-0.8014311036757719,1.643340179662813,1.50267930638113,0.814171663782461,0.21093717468183323,0.7194004321674712
0.06655881874231331,-0.47141351627267913,0.9726202890260421,3.9500636707530394,1.8516529625354257,0.18379301338530443,0.8094869167638333,-0.6081064135604975,1.643340179662813,1.50267930638113,0.814171663782461,0.3681245406756925,0.10676117235862002
0.2504570790373174,-0.47141351627267913,0.9726202890260421,3.9500636707530394,1.8516529625354257,-0.19691499159468207,0.5393448353056991,-0.49832019919999576,1.643340179662813,1.50267930638113,0.814171663782461,0.4153615962903061,-0.14650078492956534
0.12254287498202475,-0.47141351627267913,0.9726202890260421,-0.2524002345529099,1.8516529625354257,-0.2182232754555031,0.4647003127975301,-0.6061378331650678,1.643340179662813,1.50267930638113,0.814171663782461,0.3611948992652362,0.021868896172636113
0.16070930928008698,-0.47141351627267913,0.9726202890260421,-0.2524002345529099,1.8516529625354257,0.18805467015746863,0.7028518846093066,-0.6015444789090652,1.643340179662813,1.50267930638113,0.814171663782461,0.1743255692299201,-0.6685882834733667
0.04323541560831332,-0.47141351627267913,0.9726202890260421,-0.2524002345529099,1.8516529625354257,-1.2836374684965144,0.9943209724983465,-0.8108197178693595,1.643340179662813,1.50267930638113,0.814171663782461,0.2462783458751625,-0.329019178729431
0.1626066819983008,-0.47141351627267913,0.9726202890260421,-0.2524002345529099,1.399300107761035,-3.8420520840523293,0.6992973835374893,-1.0583560834895436,1.643340179662813,1.50267930638113,0.814171663782461,-0.05504556145619722,-0.7633846585477155
0.04578292750882553,-0.47141351627267913,0.9726202890260421,-0.2524002345529099,1.399300107761035,-1.8504378191943325,0.8237049210511038,-0.9881433827192182,1.643340179662813,1.50267930638113,0.814171663782461,-0.5016609503601325,0.21004677505156724
1.3821385762278184,-0.47141351627267913,0.9726202890260421,-0.2524002345529099,0.642478985350036,-3.4130453023211493,1.1293920132274136,-1.1101448908154632,1.643340179662813,1.50267930638113,0.814171663782461,-2.6337961183341547,0.11525039997721849
0.20917052071374792,-0.47141351627267913,0.9726202890260421,-0.2524002345529099,0.642478985350036,-1.8404939533926168,1.1293920132274136,-1.2000433955400853,1.643340179662813,1.50267930638113,0.814171663782461,0.1854129954866506,-1.3095249686775456
0.43230427262331333,-0.47141351627267913,0.9726202890260421,3.9500636707530394,0.642478985350036,1.0659559652232624,1.0405294864319747,-1.265713218474804,1.643340179662813,1.50267930638113,0.814171663782461,0.37632461634473335,-1.3519711067705376
0.7986590619722416,-0.47141351627267913,0.9726202890260421,-0.2524002345529099,0.642478985350036,-0.0704858406871494,1.1293920132274136,-1.2825218664665496,1.643340179662813,1.50267930638113,0.814171663782461,0.07719509546001824,-0.42240068253401336
0.6674003134624058,-0.47141351627267913,0.9726202890260421,3.9500636707530394,0.9643454397087361,-0.5548941604564628,0.7597239017583873,-1.3024600525228247,1.643340179662813,1.50267930638113,0.814171663782461,-0.13381248548838842,-0.5143673150688292
1.053791086690909,-0.47141351627267913,0.9726202890260421,-0.2524002345529099,0.9643454397087361,-1.9314092978654487,1.1293920132274136,-1.2799475690263724,1.643340179662813,1.50267930638113,0.814171663782461,0.4323392177459247,3.148734402356379
2.0589361852480175,-0.47141351627267913,0.9726202890260421,-0.2524002345529099,0.9643454397087361,-3.022393431539445,1.1293920132274136,-1.2987247974135478,1.643340179662813,1.50267930638113,0.814171663782461,0.4323392177459247,3.6014932086816263
1.62230923901075,-0.47141351627267913,0.9726202890260421,-0.2524002345529099,0.990442719791874,0.5446132867618609,0.8912404414156371,-1.193784319411027,1.643340179662813,1.50267930638113,0.814171663782461,0.04104546610213577,1.51738782831572
0.8790682216339479,-0.47141351627267913,0.9726202890260421,-0.2524002345529099,0.990442719791874,0.7505933640831225,1.0867380003656029,-1.187171908339199,1.643340179662813,1.50267930638113,0.814171663782461,0.4323392177459247,1.23441357436244
0.7925004213499677,-0.47141351627267913,0.9726202890260421,-0.2524002345529099,1.2427164272622073,-1.0364613757109993,1.1293920132274136,-1.0749123493793111,1.643340179662813,1.50267930638113,0.814171663782461,0.4323392177459247,1.5683231940273108
0.6300281914707497,-0.47141351627267913,0.9726202890260421,-0.2524002345529099,1.2427164272622073,-1.0591902118292087,1.1293920132274136,-1.0987876962264458,1.643340179662813,1.50267930638113,0.814171663782461,0.4323392177459247,1.7041508359248847
2.2747470305519464,-0.47141351627267913,0.9726202890260421,-0.2524002345529099,1.2427164272622073,-2.695666412340201,0.8165959189074686,-1.146033625716758,1.643340179662813,1.50267930638113,0.814171663782461,-0.8504529013531201,2.562977696673089
2.8608107800509686,-0.47141351627267913,0.9726202890260421,-0.2524002345529099,1.2427164272622073,-2.292229571242005,1.1293920132274136,-1.1320516572671677,1.643340179662813,1.50267930638113,0.814171663782461,0.4323392177459247,2.2304829482779858
2.616437334687908,-0.47141351627267913,0.9726202890260421,-0.2524002345529099,1.2427164272622073,-1.797877385670976,0.75616940068657,-1.1062077300246036,1.643340179662813,1.50267930638113,0.814171663782461,0.4323392177459247,2.7554001893613194
0.6516895233060707,-0.47141351627267913,0.9726202890260421,-0.2524002345529099,1.2427164272622073,-1.2438620052896505,1.0902925014374207,-1.0003586764549615,1.643340179662813,1.50267930638113,0.814171663782461,0.4323392177459247,1.1792335948415509
0.2628722891963535,-0.47141351627267913,0.9726202890260421,-0.2524002345529099,1.2427164272622073,-0.3048769631561719,0.5073543256593409,-0.7784138559753631,1.643340179662813,1.50267930638113,0.814171663782461,0.21844428620982775,0.8835254994603735
1.1176897033946247,-0.47141351627267913,0.9726202890260421,-0.2524002345529099,1.2427164272622073,-1.7467375044050069,1.022756981072887,-0.9792090563091911,1.643340179662813,1.50267930638113,0.814171663782461,0.4323392177459247,1.8626164181387217
1.360050165515423,-0.47141351627267913,0.9726202890260421,-0.2524002345529099,1.1818227737348854,-0.537847533367806,0.9410034564210831,-0.9731014094413195,1.643340179662813,1.50267930638113,0.814171663782461,0.4323392177459247,0.5425415234466713
0.341623457930818,-0.47141351627267913,0.9726202890260421,-0.2524002345529099,1.1818227737348854,0.19799853595918554,0.9872119703547113,-1.026253080117921,1.643340179662813,1.50267930638113,0.814171663782461,0.4323392177459247,0.9698326469161238
4.759271597314621,-0.47141351627267913,0.9726202890260421,-0.2524002345529099,1.1818227737348854,-1.154367213074206,1.1293920132274136,-1.120744939098546,1.643340179662813,1.50267930638113,0.814171663782461,0.4323392177459247,2.5573182115940236
2.9495316563298823,-0.47141351627267913,0.9726202890260421,-0.2524002345529099,1.1818227737348854,-0.39579230762900497,1.1293920132274136,-1.070672330066078,1.643340179662813,1.50267930638113,0.814171663782461,0.4323392177459247,2.016837386543259
1.479251416428868,-0.47141351627267913,0.9726202890260421,-0.2524002345529099,1.1818227737348854,0.10992429600112821,1.1293920132274136,-1.0780923638642361,1.643340179662813,1.50267930638113,0.814171663782461,0.4323392177459247,1.1042454175439316
2.916290230356302,-0.47141351627267913,0.9726202890260421,-0.2524002345529099,1.1818227737348854,-1.3021046478425584,0.9872119703547113,-1.0131292108150562,1.643340179662813,1.50267930638113,0.814171663782461,0.4323392177459247,1.0264274977067795
1.1684495240711397,-0.47141351627267913,0.9726202890260421,-0.2524002345529099,0.8860535994593233,-0.9341816131790633,1.1293920132274136,-1.2239187423872198,1.643340179662813,1.50267930638113,0.814171663782461,-0.3161775486069078,-0.05453415239474933
0.5499726640002516,-0.47141351627267913,0.9726202890260421,-0.2524002345529099,0.34670981107447274,-0.9213966428625694,1.0547474907192451,-1.1383612098166218,1.643340179662813,1.50267930638113,0.814171663782461,-0.5177146196276904,1.9644871495619023
3.440495548870118,-0.47141351627267913,0.9726202890260421,-0.2524002345529099,0.34670981107447274,-1.5776917857758332,1.1293920132274136,-1.0703694715437042,1.643340179662813,1.50267930638113,0.814171663782461,-1.7150411613311025,1.0702885070695378
5.764987947872912,-0.47141351627267913,0.9726202890260421,-0.2524002345529099,1.1818227737348854,-2.481163021474611,1.1293920132274136,-1.0356416943115088,1.643340179662813,1.50267930638113,0.814171663782461,-3.1321528297695003,3.4614209529747524
2.00268146436965,-0.47141351627267913,0.9726202890260421,-0.2524002345529099,1.0600354666802427,0.23919455142343785,1.1293920132274136,-0.9465508123132166,1.643340179662813,1.50267930638113,0.814171663782461,-3.8368973612129476,2.3394280360499984
3.0711947313436623,-0.47141351627267913,0.9726202890260421,-0.2524002345529099,1.0600354666802427,-1.3660294994250204,0.7419513963992995,-1.0410426712938414,1.643340179662813,1.50267930638113,0.814171663782461,-2.680686691878245,1.998444060036296
9.544499997602271,-0.47141351627267913,0.9726202890260421,-0.2524002345529099,1.0600354666802427,-0.43840887535064454,1.1293920132274136,-0.9627537432602148,1.643340179662813,1.50267930638113,0.814171663782461,-3.9616309066011683,1.1466915556369237
1.1495710055558657,-0.47141351627267913,0.9726202890260421,-0.2524002345529099,1.399300107761035,0.7932099318047633,0.29408426135028737,-0.9670947154142392,1.643340179662813,1.50267930638113,0.814171663782461,-3.5920500313768104,1.4466442648274
0.7387891320006755,-0.47141351627267913,0.9726202890260421,-0.2524002345529099,0.23362159738087507,-0.9952653602467469,0.08436869811305123,-0.8310607624480084,1.643340179662813,1.50267930638113,0.814171663782461,-4.109463256690912,0.6571460962977494
1.700149124790947,-0.47141351627267913,0.9726202890260421,-0.2524002345529099,1.0600354666802427,-0.5250625630513146,0.9658849639238062,-0.9087439734368875,1.643340179662813,1.50267930638113,0.814171663782461,-4.062919165217344,1.6800980243388561
4.665436655501311,-0.47141351627267913,0.9726202890260421,-0.2524002345529099,1.0600354666802427,-0.09037357229058067,0.3722832849302738,-0.9323164617616481,1.643340179662813,1.50267930638113,0.814171663782461,-3.9342588230298645,0.28362008107941994
0.5449701286184664,-0.47141351627267913,0.9726202890260421,-0.2524002345529099,1.0600354666802427,-0.10315854260707456,0.3509562784993681,-0.8956201041340229,1.643340179662813,1.50267930638113,0.814171663782461,-3.0344448858820603,1.2740299699158995
0.8131566216879695,-0.47141351627267913,0.9726202890260421,-0.2524002345529099,1.0600354666802427,0.16248472952448464,0.9729939660674408,-0.8791647910850466,1.643340179662813,1.50267930638113,0.814171663782461,-3.450338864532971,1.6362370149760976
0.9115493383964307,-0.47141351627267913,0.9726202890260421,-0.2524002345529099,0.23362159738087507,0.8059949021212547,0.9267854521338127,-0.818593086610287,1.643340179662813,1.50267930638113,0.814171663782461,-3.212305682083783,1.0151085275486487
0.4194225399966447,-0.47141351627267913,0.9726202890260421,-0.2524002345529099,0.23362159738087507,0.22640958110694523,0.23365774312938878,-0.7619585429263868,1.643340179662813,1.50267930638113,0.814171663782461,-3.020354615014132,-0.06868286509241353
0.30204657523935946,-0.47141351627267913,0.9726202890260421,-0.2524002345529099,1.355804640955805,0.24203565593821358,0.6992973835374893,-0.7037087537898264,1.643340179662813,1.50267930638113,0.814171663782461,-2.9944839537484267,0.5241481969397077
1.4353466197665448,-0.47141351627267913,0.9726202890260421,-0.2524002345529099,1.355804640955805,-0.08185025874625479,0.9516669596365357,-0.7509546832801388,1.643340179662813,1.50267930638113,0.814171663782461,-2.9894022167140917,0.37558671361423596
1.607239067170027,-0.47141351627267913,0.9726202890260421,-0.2524002345529099,1.5906801617040465,-0.16140118515998245,1.1293920132274136,-0.9064220580986885,1.643340179662813,1.50267930638113,0.814171663782461,-4.043978145362096,1.9715615059107343
0.8201939022930148,-0.47141351627267913,0.9726202890260421,-0.2524002345529099,1.5906801617040465,-0.9071911202886896,0.9125674478465428,-0.9553841858824524,1.643340179662813,1.50267930638113,0.814171663782461,0.4323392177459247,1.4664524626041298
2.5421745745341644,-0.47141351627267913,0.9726202890260421,-0.2524002345529099,1.5906801617040465,-0.6358656391275802,0.8592499317692793,-0.9306507398885921,1.643340179662813,1.50267930638113,0.814171663782461,0.36939497493427637,1.357507374832117
0.8655608320536032,-0.47141351627267913,0.9726202890260421,-0.2524002345529099,1.5906801617040465,0.19941908821657403,1.029865983216522,-0.8302531397216781,1.643340179662813,1.50267930638113,0.814171663782461,0.3059887560285974,0.9910557159626197
0.3136484313586165,-0.47141351627267913,0.9726202890260421,-0.2524002345529099,1.5906801617040465,-0.06622418391498645,1.1293920132274136,-0.860690421220245,1.643340179662813,1.50267930638113,0.814171663782461,0.41836444090150393,0.5764984339210646
0.8985247927694664,-0.47141351627267913,0.9726202890260421,-0.2524002345529099,1.5906801617040465,0.31164271655022685,1.1293920132274136,-0.8740161962046921,1.643340179662813,1.50267930638113,0.814171663782461,0.3148817958386839,0.8962593408882711
1.2842232629774888,-0.47141351627267913,0.9726202890260421,-0.2524002345529099,1.5906801617040465,-0.584725757861611,1.0085389767856163,-0.9158106722922761,1.643340179662813,1.50267930638113,0.814171663782461,-1.3737563218661093,1.595205748152872
0.9944488847585309,-0.47141351627267913,0.9726202890260421,-0.2524002345529099,1.5906801617040465,0.27470835785813746,0.9445579574929005,-0.8692209362671068,1.643340179662813,1.50267930638113,0.814171663782461,-3.6543013100474133,1.6220883022784338
0.8928544365958223,-0.47141351627267913,0.9726202890260421,-0.2524002345529099,1.5906801617040465,-0.020766511678568664,1.0085389767856163,-0.7631699770158821,1.643340179662813,1.50267930638113,0.814171663782461,0.33555522604654603,0.5552753648745689
0.8118237003518766,-0.47141351627267913,0.9726202890260421,-0.2524002345529099,1.355804640955805,-0.11452296066617869,1.0831834992937854,-0.7310669736442594,1.643340179662813,1.50267930638113,0.814171663782461,0.4323392177459247,0.79438860946509
0.28301436273329106,-0.47141351627267913,0.9726202890260421,-0.2524002345529099,1.355804640955805,0.5531366003061893,1.0654109939346976,-0.683821044153947,1.643340179662813,1.50267930638113,0.814171663782461,-0.048231414069247754,0.7377937586744342
0.23527809729160712,-0.47141351627267913,0.9726202890260421,-0.2524002345529099,1.355804640955805,0.0445788921612804,0.8379229253383738,-0.6772591095025148,1.643340179662813,1.50267930638113,0.814171663782461,0.2959407759834351,0.6727096802651797
0.6647943162379629,-0.47141351627267913,0.9726202890260421,-0.2524002345529099,1.355804640955805,1.6015041662585439,1.1045105057246907,-0.6346065342682048,1.643340179662813,1.50267930638113,0.814171663782461,0.18945528630941727,0.5977215029675604
0.18933311491077454,-0.47141351627267913,0.9726202890260421,-0.2524002345529099,1.355804640955805,0.3684648068457475,0.6495343685320433,-0.6431370493150669,1.643340179662813,1.50267930638113,0.814171663782461,-3.56352300757043,0.79438860946509
0.6583323680055374,-0.47141351627267913,0.9726202890260421,-0.2524002345529099,1.355804640955805,-0.46824047275579395,0.4291553020793545,-0.46980102167646326,1.643340179662813,1.50267930638113,0.814171663782461,-4.111195667043526,0.6260189283628889
0.5973512168792903,-0.47141351627267913,0.9726202890260421,-0.2524002345529099,1.355804640955805,0.05026110119083184,0.5500083385211517,-0.46783244128103346,1.643340179662813,1.50267930638113,0.814171663782461,-1.0077557613704875,0.5255630682094743
0.46799528158291753,-0.47141351627267913,0.9726202890260421,-0.2524002345529099,1.355804640955805,-0.2622603954345311,0.5748898460238747,-0.5009449730605688,1.643340179662813,1.50267930638113,0.814171663782461,0.4323392177459247,0.3090877639352151
0.19746121481331624,-0.47141351627267913,0.9726202890260421,-0.2524002345529099,1.355804640955805,0.6184820041460384,0.7739419060456578,-0.5615166775353282,1.643340179662813,1.50267930638113,0.814171663782461,-1.2038646132864124,0.5524456223350361
0.04526063996488707,-0.47141351627267913,0.9726202890260421,-0.2524002345529099,1.355804640955805,0.15680252049493323,0.7170698888965771,-0.5768615093356008,1.643340179662813,1.50267930638113,0.814171663782461,0.3691639868872614,0.30201340758638323
0.44810347082745045,-0.47141351627267913,0.9726202890260421,-0.2524002345529099,1.355804640955805,0.0729899373090401,0.5251268310184287,-0.4924144580137068,1.643340179662813,1.50267930638113,0.814171663782461,0.4323392177459247,0.20863190378180085
0.33470042772600933,-0.47141351627267913,0.9726202890260421,-0.2524002345529099,1.355804640955805,0.35141817975709067,0.7703874049738404,-0.45849430350784137,1.643340179662813,1.50267930638113,0.814171663782461,0.3967670585055804,-0.31487046603176705
0.6091965351609561,-0.47141351627267913,0.9726202890260421,-0.2524002345529099,0.8512572260151394,-0.0804297064888663,-0.1004653576214614,-0.3768234553077073,1.643340179662813,1.50267930638113,0.814171663782461,0.4323392177459247,0.09968681600978818
-0.026759276022308535,-0.47141351627267913,0.9726202890260421,-0.2524002345529099,0.8512572260151394,-0.7196782223134733,-0.7118395419740816,-0.3247822658798097,1.643340179662813,1.50267930638113,0.814171663782461,-0.2894984291766494,0.22844010155853053
0.05639597361651165,-0.47141351627267913,0.9726202890260421,-0.2524002345529099,0.8512572260151394,-0.4455116366375845,0.5855533492393272,-0.4232112856512939,1.643340179662813,1.50267930638113,0.814171663782461,-3.8974162295309362,0.6557312250279829
0.14443678798925583,-0.47141351627267913,0.9726202890260421,-0.2524002345529099,0.23362159738087507,-0.373063471510798,0.9338944542774479,-0.5903891900016305,1.643340179662813,1.50267930638113,0.814171663782461,-0.3254170704875162,1.2457325445205716
1.6614400010917612,-0.47141351627267913,0.9726202890260421,-0.2524002345529099,0.19882522393669116,-0.4824459953296738,0.09858670240032166,-0.40458548652530546,1.643340179662813,1.50267930638113,0.814171663782461,0.10710804754849007,0.79438860946509
1.321327440578114,-0.47141351627267913,0.9726202890260421,-0.2524002345529099,0.19882522393669116,-0.7850236261533224,-0.4097069508695891,-0.4473390146004065,1.643340179662813,1.50267930638113,0.814171663782461,0.4323392177459247,0.3175769915538136
0.09222571520497443,-0.47141351627267913,0.9726202890260421,-0.2524002345529099,-0.2187312573935147,-0.05201866134110534,0.7988234135483808,-0.3082259999900421,1.643340179662813,1.50267930638113,0.814171663782461,0.4142066560552297,0.050166321567963995
0.028336619367945105,-0.47141351627267913,0.9726202890260421,-0.2524002345529099,0.19882522393669116,0.24345620819560207,0.240766745273024,-0.41059218055238567,1.643340179662813,1.50267930638113,0.814171663782461,0.39156982744773805,0.2609821407631575
0.6386391353266719,-0.47141351627267913,0.9726202890260421,-0.2524002345529099,0.23362159738087507,-1.191301571766293,0.9658849639238062,-0.6461656345388047,1.643340179662813,1.50267930638113,0.814171663782461,-0.07953029443981098,0.7958034807348566
0.20552402877286546,-0.47141351627267913,0.9726202890260421,-0.2524002345529099,0.49459439821225437,0.31022216429283833,0.9019039446310897,-0.7090087779313679,1.643340179662813,1.50267930638113,0.814171663782461,0.4243701301238995,0.8722065293022421
1.5863203629362437,-0.47141351627267913,0.9726202890260421,-0.2524002345529099,0.49459439821225437,-1.3660294994250204,1.0334204842883394,-0.812283534060833,1.643340179662813,1.50267930638113,0.814171663782461,-0.11533344172717028,1.7536713303667089
0.934766651873068,-0.47141351627267913,0.9726202890260421,-0.2524002345529099,0.49459439821225437,-0.11452296066617869,1.0120934778574342,-0.777050992624681,1.643340179662813,1.50267930638113,0.814171663782461,0.23368949731283245,0.7802398967674263
1.4925126235991795,-0.47141351627267913,0.9726202890260421,-0.2524002345529099,0.49459439821225437,-0.05201866134110534,0.7028518846093066,-0.8877457825523042,1.643340179662813,1.50267930638113,0.814171663782461,0.275498333822588,0.08412323204235761
0.3350894231363384,-0.47141351627267913,0.9726202890260421,-0.2524002345529099,-0.2187312573935147,-0.03355148199506002,-0.12534686512418441,-0.1442281101246306,1.643340179662813,1.50267930638113,0.814171663782461,0.4323392177459247,-0.2512012588922789
0.3193351090180086,-0.47141351627267913,0.9726202890260421,-0.2524002345529099,-0.2187312573935147,0.6880890647580504,0.23721224420120665,-0.190918798990591,1.643340179662813,1.50267930638113,0.814171663782461,0.38810500674250953,-0.6756626398221988
-0.07371347027189722,-0.47141351627267913,0.9726202890260421,-0.2524002345529099,-0.2187312573935147,-0.7154165655413078,-0.9926451266476689,0.1960334397623313,1.643340179662813,1.50267930638113,0.814171663782461,0.38637259638989563,-0.29647713952480376
-0.1335330756624064,-0.47141351627267913,0.9726202890260421,-0.2524002345529099,0.2249225040198291,-0.5605763694860142,-0.9357731094985879,0.007100198221476959,1.643340179662813,1.50267930638113,0.814171663782461,0.13009135822650494,0.11666527124698486
0.3171004255943345,-0.47141351627267913,0.9726202890260421,-0.2524002345529099,0.2249225040198291,-0.21538217094072737,0.41138279672026673,-0.08279830650314521,1.643340179662813,1.50267930638113,0.814171663782461,0.38360073982571286,0.34870415948867445
0.20066294626756356,-0.47141351627267913,0.9726202890260421,-0.2524002345529099,0.2249225040198291,-0.512277592734822,-0.5341144883832036,-0.28147349718035664,1.643340179662813,1.50267930638113,0.814171663782461,0.3320904053413182,-0.1507453987388647
-0.43652921746111767,-0.47141351627267913,2.3501324956679133,-0.2524002345529099,0.4510989314070245,-1.1529466608168175,0.869913434984732,-0.953516558327814,-0.6444201875099159,1.7660805955225443,0.7676994039196661,0.41143479949104694,0.7844845105767252
-0.42883091668327544,-0.47141351627267913,2.3501324956679133,-0.2524002345529099,0.4510989314070245,-1.6657660257338907,1.0583019917910625,-0.9526584591810882,-0.6444201875099159,1.7660805955225443,0.7676994039196661,-0.47394238471830524,2.4285649260452815
-0.4426660961023941,-0.47141351627267913,2.3501324956679133,-0.2524002345529099,0.4510989314070245,-0.40147451665855766,1.0867380003656029,-0.9296916879010751,-0.6444201875099159,1.7660805955225443,0.7676994039196661,0.3539187757842567,0.7858993818464918
-0.4419071470151086,-0.47141351627267913,2.3501324956679133,-0.2524002345529099,0.4510989314070245,-0.40147451665855766,0.5428993363775165,-0.8076397033844346,-0.6444201875099159,1.7660805955225443,0.7676994039196661,0.4323392177459247,0.11808014251675122
-0.43347573950241525,-0.47141351627267913,-0.2291305053575826,-0.2524002345529099,0.24232069074192106,-0.7935469396976483,-0.5056784798086633,-0.6704447927491043,-0.415644150792643,-0.10699523837195773,0.34944906515450197,0.4323392177459247,-0.07151260763194627
-0.4205450424185024,-0.47141351627267913,-0.2291305053575826,-0.2524002345529099,0.24232069074192106,-0.6699588933048926,0.08436869811305123,-0.4125102845274198,-0.415644150792643,-0.10699523837195773,0.34944906515450197,0.4323392177459247,0.22419548774923118
-0.4328609635392377,-0.47141351627267913,-0.2291305053575826,-0.2524002345529099,0.24232069074192106,-0.9895831512171955,0.18744922919576062,-0.661258084237099,-0.415644150792643,-0.10699523837195773,0.34944906515450197,0.4192883930895646,0.3656826147258711
-0.4485295898573902,-0.47141351627267913,0.09095531859239589,-0.2524002345529099,0.13793157040936935,0.465062360348132,0.031051182035787852,-0.6215331413857358,-0.9875842425858252,-0.7976919521205553,1.1859497426848284,0.37563165220368766,-0.4025924847572837
-0.45089076479561185,-0.47141351627267913,0.09095531859239589,-0.2524002345529099,0.13793157040936935,-0.20685885739639898,0.3011932634939226,-0.7179935807617904,-0.9875842425858252,-0.7976919521205553,1.1859497426848284,0.4323392177459247,-0.48606988967350123
-0.44878393301029773,-0.47141351627267913,0.09095531859239589,-0.2524002345529099,0.13793157040936935,1.0091338749277419,0.8094869167638333,-0.7785652852365501,-0.9875842425858252,-0.7976919521205553,1.1859497426848284,0.4323392177459247,-0.9727856064731426
-0.4505996982997711,-0.47141351627267913,0.09095531859239589,-0.2524002345529099,0.13793157040936935,-0.33470856056132015,0.4469278074384423,-0.6082073664012888,-0.9875842425858252,-0.7976919521205553,1.1859497426848284,0.4323392177459247,-0.6558544420454692
